{
  "Sign in + car list" : {
    "transaction" : "Sign in + car list",
    "sampleCount" : 10,
    "errorCount" : 0,
    "errorPct" : 0.0,
    "meanResTime" : 3782.4,
    "medianResTime" : 3237.0,
    "minResTime" : 2213.0,
    "maxResTime" : 6246.0,
    "pct1ResTime" : 6143.3,
    "pct2ResTime" : 6246.0,
    "pct3ResTime" : 6246.0,
    "throughput" : 0.8819119851838787,
    "receivedKBytesPerSec" : 1.1597487102037216,
    "sentKBytesPerSec" : 0.5646303686392098
  },
  "Total" : {
    "transaction" : "Total",
    "sampleCount" : 30,
    "errorCount" : 0,
    "errorPct" : 0.0,
    "meanResTime" : 2258.5333333333333,
    "medianResTime" : 2221.0,
    "minResTime" : 53.0,
    "maxResTime" : 4751.0,
    "pct1ResTime" : 3763.500000000001,
    "pct2ResTime" : 4461.15,
    "pct3ResTime" : 4751.0,
    "throughput" : 1.9972039145196725,
    "receivedKBytesPerSec" : 1.310014937420944,
    "sentKBytesPerSec" : 0.7315279442114373
  },
  "Get car models" : {
    "transaction" : "Get car models",
    "sampleCount" : 10,
    "errorCount" : 0,
    "errorPct" : 0.0,
    "meanResTime" : 1021.1999999999999,
    "medianResTime" : 1000.5,
    "minResTime" : 53.0,
    "maxResTime" : 2128.0,
    "pct1ResTime" : 2108.8,
    "pct2ResTime" : 2128.0,
    "pct3ResTime" : 2128.0,
    "throughput" : 1.1538017768547364,
    "receivedKBytesPerSec" : 0.57014033114111,
    "sentKBytesPerSec" : 0.4063094929041191
  },
  "Sign in JSON" : {
    "transaction" : "Sign in JSON",
    "sampleCount" : 20,
    "errorCount" : 0,
    "errorPct" : 0.0,
    "meanResTime" : 2877.2,
    "medianResTime" : 3015.5,
    "minResTime" : 1202.0,
    "maxResTime" : 4751.0,
    "pct1ResTime" : 4181.400000000001,
    "pct2ResTime" : 4724.65,
    "pct3ResTime" : 4751.0,
    "throughput" : 1.3314692763464484,
    "receivedKBytesPerSec" : 0.9810484072298781,
    "sentKBytesPerSec" : 0.49709053158910854
  }
}